,number,keyword,Text,Tidy_Tweets,," 0-apologize, 1-rectify, 2-supportive/helpful, 3-appreciate, 4 - misc.",Rating,"0-neg, 1-neu, 2-pos"
0.943429991,65789,TT, Hi there  the best team to assist you is our contact centre               Fees do apply to flight changes  https   t co o a o dFDG,there best team assist contact centr fee appli flight chang http dfdg,,,H,
0.970176676,49400,NK, We re awfully sorry to hear about that  Please DM us your reservation info so we can take a closer look into this ,aw sorri hear about that pleas your reserv info take closer look into thi,,-,U,
0.143541427,60959,TOM,RT   In #Namibia  Melissa and Anna Marie found a job immediately after completing their internship   The  tells t ,#namibia melissa anna mari found immedi after complet their internship tell,,,N,
0.360187009,77607,VA, We re sorry to hear this Peter  We would recommend phoning the Baggage Services team and asking for an update on your baggage  Their contact information is available on our website here  https   t co qSVrBBgKnE  MM,sorri hear thi peter would recommend phone baggag servic team ask updat your baggag their contact inform avail websit here http qsvrbbgkne,,,U,
0.77930829,58487,TOM,RT   The Q  #TUIResults are out and show significant growth in customer numbers and turnover  TUI is on track  amp  continues to grow  ,#tuiresult show signific growth custom number turnov track continu grow,,,N,
0.359183995,77943,VA, Hi Olan  we are so pleased to hear this feedback  and really sorry at the same time that your request wasn t able to be resolved  So that we may pass this on to the relevant team  are you able to DM the six character booking reference  Thanks Olan   ST,olan pleas hear thi feedback realli sorri same time that your request wasn abl resolv that pass thi relev team abl charact book refer thank olan,,,U,
0.15335521,86771,WN, Hi there  On May          we will open our schedule for sale through January          This date is subject to change  While we do not have an estimated time of when the remainder of our schedule will become available  Please check back frequently  https   t co xEdKsHz e    Lauren,there will open schedul sale through januari thi date subject chang while have estim time when remaind schedul will becom avail pleas check back frequent http xedkshz lauren,,,N,
0.788929461,46885,LS, Sorry to hear that  We do hope to see you again in the future    Jasmine,sorri hear that hope again futur jasmin,,,U,
0.90935355,22436,BE, Hi Charlotte  thanks for getting in touch  I m sorry that your flight has been delayed today  as I can appreciate the inconvenience this can cause  I ve just looked into this for you  and I can advise that the delay is due to operational issues  and th    https   t co z  sqRYdcs,charlott thank get touch sorri that your flight been delay today appreci inconveni thi caus just look into thi advis that delay oper issu http sqrydc,,,U,
0.094546746,72338,UA, We re sorry for the disruption  Shea  Can you send over your confirmation number in DM   BK https   t co Y hG uklaR,sorri disrupt shea send over your confirm number http uklar,,,U,
0.160352748,16399,B6, That s disappointing  We can issue a     credit for the inconvenience if you ll DM your   letter confirmation code   https   t co xSmyP Lfyg,that disappoint issu credit inconveni your letter confirm code http xsmyp lfyg,,,U,
0.227759677,52091,QF, Perfection on a plate  We enjoyed having you in the lounge Bambang  See you again soon    Zen,perfect plate enjoy have loung bambang again soon,,,N,
0.629340324,65344,TT, Our thoughts are with you Walter  keep fighting champ  We re in your corner and hope to see you onboard when you re back to full health   ,thought with walter keep fight champ your corner hope onboard when back full health,,,N,
0.189802752,60377,TOM,We ve launched our brand new Investor Relations Briefcase App for iPhone and iPad   you can download it here  http   t co VFOITtAfwz,launch brand investor relat briefcas iphon ipad download here http vfoittafwz,,,N,
0.91869478,1581,AA, We love having you fly with us and will gladly pass on your kudos and recognize Dana for you  #AATeam,love have with will gladli pass your kudo recogn dana #aateam,,,N,
0.502972053,54854,TO, Hello  I am sorry for the inconveniences  Can you please send me in a private message the booking number  e mail address and full name of the passenger who could not take the flight  I will help you to create a claim in our system and investigate your case  Diego,hello sorri inconveni pleas send privat messag book number mail address full name passeng could take flight will help creat claim system investig your case diego,,,U,
0.216358736,22399,BE, Thanks for confirming this with me Emma  I ve taken a look into this for you and I can see that the BE    is delayed due to a technical issue  you re currently estimated to depart at        I am really sorry for this disruption  thank you for your patience    Daisy,thank confirm thi with emma taken look into thi that delay technic issu current estim depart realli sorri thi disrupt thank your patienc daisi,,,H,
0.40952005,15645,AS, We re sorry to hear about any frustration  If you d like to share more please use the link below  amp  also include your confirmation code   Angel https   t co t ooDR  zz,sorri hear about frustrat like share more pleas link below also includ your confirm code angel http oodr,,,U,
0.910300276,45944,LS, Thanks for getting back to us  we would recommend you speaking to our customer service team customer service com who will be able to look into this for you  Thanks  Gee,thank get back would recommend speak custom servic team custom servic will abl look into thi thank,,,H,
0.096877233,5540,AA, We want all of our customers to feel welcome each and every time they fly with us  Please share any additional details via DM ,want custom feel welcom each everi time they with pleas share addit detail,,,H,
0.536602847,45306,LS, Hi Laura  If you don t cancel the individual from the booking  you can split the   kg across the other bags but cannot take another suitcase     Ella,laura cancel individu from book split across other bag cannot take anoth suitcas ella,,,H,
0.13197795,62805,TOM,Family Holiday Association launches     for     campaign to help disadvantaged families take a break  http   t co JEuHZe  It,famili holiday associ launch campaign help disadvantag famili take break http jeuhz,,,N,
0.171452457,12373,AF,     If your query is regarding your trip  please include any references you may have and send it to us via Direct Message  Thank you for your understanding ,your queri regard your trip pleas includ refer have send direct messag thank your understand,,,H,
0.951225543,52094,QF, This isn t what we like to hear Jimmy  Can you please DM your booking reference  full names of passengers and flight details so we can look into this  Zen https   t co K pFuJB Bl,thi what like hear jimmi pleas your book refer full name passeng flight detail look into thi http pfujb,,,U,
0.66816216,811,AA, We re so sorry for the extra travel time today  We appreciate your patience ,sorri extra travel time today appreci your patienc,,,U,
0.806600755,11809,AF, Hello   not a problem  Send us a DM confirming your full name  date of birth  email address and tier level  and we will send you a temporary password  Have a nice day    ,hello problem send confirm your full name date birth email address tier level will send temporari password have nice,,,H,
0.661337866,83304,W6, Hey Jose  since those services are different  you won t be able to change checked in luggage to Wizz Priority Boarding  You can always add the service by accessing your travel plan and adding it ,jose sinc those servic differ abl chang check luggag wizz prioriti board alway servic access your travel plan ad,,,H,
0.967721185,68383,U2, Hi Justin  thanks for getting in touch  I m not actually able to see on my end which aircrafts are operating which flights and which airports  I m not sure if there are any plans for the A    NEO to be stationed at these airports  Thanks  James,justin thank get touch actual abl which aircraft oper which flight which airport sure there plan station these airport thank jame,,,H,
0.66778045,7503,AC, Please DM us your booking details so we may advise   Rose,pleas your book detail advis rose,,,H,
0.169100166,55744,TO, Hi April  it should be possible to check in  Could you send me a DM with your full name  booking number and the problem please  I d like to see what the problem is  Regards  Pim,april should possibl check could send with your full name book number problem pleas like what problem regard,,,H,
0.148972003,34814,FR, Hi  contact us via DM  Tere,contact tere,,,H,
0.533665239,27013,DL, Well  that is embarrassing  John   Please advise the flight  amp  seat number so I may report to cabin maintenance  Thank you for bringing to our attention  HJF,well that embarrass john pleas advis flight seat number report cabin mainten thank bring attent,,,U,
0.766812137,1680,AA, Our goal is for you to always have a terrific experience and we re so sorry for the rudeness  DM your record locator and we ll forward ,goal alway have terrif experi sorri rude your record locat forward,,,U,
0.256945829,31565,EW, We do not offer the service to direct message us on Twitter  Please contact us via our contact form or call us  https   t co  jS  Cx g   Kind regards  Lea,offer servic direct messag twitter pleas contact contact form call http kind regard,,,H,
0.298481609,51469,NK, Hello  We don t like that you ve had a negative experience with us  Please DM your reservation # for assistance  https   t co dd DI TJ t,hello like that neg experi with pleas your reserv assist http,,,U,
0.824708971,19464,BE, It is cloudy today but fairly warm    I aim to help as many people as possible here on social media  do you have any queries I might be able to help you with    Caleb,cloudi today fairli warm help mani peopl possibl here social media have queri might abl help with caleb,,,H,
0.509835807,58858,TOM,RT   Agreed  We had lovely family holidays there this summer      #RiuHeliosParadise #TUI https   t co MUFAxXkHmR,agre love famili holiday there thi summer #riuheliosparadis #tui http mufaxxkhmr,,,N,
0.85607392,7065,AC, Hello Guillaume  we re sorry to hear that  If you need assistance with this  please DM us  We ll see how we can assist from here   Lea,hello guillaum sorri hear that need assist with thi pleas assist from here,,,U,
0.419303285,30276,EW,The Captain and First Officer are still all smiles at the end of a busy week    #WingsFamily https   t co DsAsFDRKR ,captain first offic still smile busi week #wingsfamili http dsasfdrkr,,,N,
0.372235066,1439,AA, We never want to disappoint you  What s going on ,never want disappoint what go,,,U,
0.22641644,60520,TOM,RT   On Dec   th the world will see its   billionth global tourist for the first time in a single year http   t co s zIxBLU,world will billionth global tourist first time singl year http zixblu,,,N,
0.568957401,83070,W6, Hey there  thank you for your suggestion  We re always doing our best to offer new and exciting route and if we have such announcements  they ll be posted on our social platforms and newsletter ,there thank your suggest alway do best offer excit rout have such announc they post social platform newslett,,,N,
0.163578464,78633,VA, Hi Bhash  thank you for confirming  In this case  please continue to liaise directly with our Guest Relations team  as they will be best placed to assist   ST,bhash thank confirm thi case pleas continu liais directli with guest relat team they will best place assist,,,N,
0.336139291,38951,JQ, Hi Natasha  thanks for your tweet  Are you able to provide more details about your experience via DM  so we can assist you further   Regards   Franz,natasha thank your tweet abl provid more detail about your experi assist further regard franz,,,H,
0.50569528,13532,AS, So stressful   I m glad you got to listen to the game coverage at least     Samantha,stress glad listen game coverag least samantha,,,U,
0.107906781,44432,LH, Hello Marcell  the price for a second check in bag up to    kg and the maxium dimensions of     cm on routes to and from the United States is     USD  Please find more information here  https   t co KCdcgCWyHk Alex,hello marcel price second check maxium dimens rout from unit state pleas find more inform here http kcdcgcwyhk alex,,,H,
0.059636698,3547,AA, Thanks so much for your feedback  You never know what could happen ,thank much your feedback never know what could happen,,,N,
0.08019872,18992,B6, That s not what we like to hear  DM us your confirmation code  we d like to issue a small credit for the inconvenience   https   t co xSmyP Lfyg,that what like hear your confirm code like issu small credit inconveni http xsmyp lfyg,,,U,
0.299429116,27110,DL, Hi  thanks for reaching out to us  I apologize for any inconvenience the delay has caused  I see you are on your way  we hope to have another opportunity to regain your confidence  HKC,thank reach apolog inconveni delay caus your hope have anoth opportun regain your confid,,,U,
0.86039567,6394,AA, We re expecting to depart around     a  We ll have you on your way as quickly as we can ,expect depart around have your quickli,,,H,
0.136968509,4291,AA, We re very sorry for the late start today and would like to review your trip when you arrive in DFW  Please send us a DM ,veri sorri late start today would like review your trip when arriv pleas send,,,U,
0.960869582,27673,DL, Hello Jordan  Unfortunately  I do not see any BOS DCA yet on the schedule  Keep checking with us  We only have connections at this time  I am so sorry  TMS,hello jordan unfortun schedul keep check with onli have connect thi time sorri,,,U,
0.717876991,43243,LH, Glad to hear that the check in issue could be resolved  Sincerest apologies for the upset caused earlier   wishing you a lovely flight   Ella,glad hear that check issu could resolv sincerest apolog upset caus earlier wish love flight ella,,,U,
0.955060156,77484,VA, We suggest you speak with our Guest Contact Centre on          to have this amended   LG,suggest speak with guest contact centr have thi amend,,,H,
0.181367924,34985,FR, Hi  contact us via DM in order to assist you better  Tere,contact order assist better tere,,,H,
0.059887095,6190,AA, Our apologies for the delayed reply  If you still need help  please share your travel info via DM ,apolog delay repli still need help pleas share your travel info,,,U,
0.85434743,72502,UA, We can t wait to see you on board  John   HA,wait board john,,,N,
0.415672706,8468,AC, We re glad to hear that  The strategic overbooking of flights is commonplace in the travel industry and practiced by nearly all airlines  It ensures that planes fly at full capacity  and in the vast majority of cases  does not result in travelers being denied boarding   Chris,glad hear that strateg overbook flight commonplac travel industri practic nearli airlin ensur that plane full capac vast major case doe result travel be deni board chri,,,H,
0.505162163,69198,U2, I m sorry to hear about this  Please contact admin com who will be able to help you with this  Thanks  Julie,sorri hear about thi pleas contact admin will abl help with thi thank juli,,,U,
0.550680781,53173,QF, Hi Christy  please DM us your full names  flight details and booking reference so we can best assist  Nat ,christi pleas your full name flight detail book refer best assist,,,H,
0.273286932,86099,WN, Flights are always better with our fluffy four legged friends  Have a great one  Kami   Jen,flight alway better with fluffi four leg friend have great kami,,,N,
0.541550242,26928,DL, Please Direct Message me your confirmation number for this travel  HJW https   t co  iDGBJRMTU,pleas direct messag your confirm number thi travel http idgbjrmtu,,,H,
0.771739668,78558,VA, Sorry to hear this  are you able to specify which airport you re currently at so we can submit this feedback to the team   LG,sorri hear thi abl specifi which airport current submit thi feedback team,,,U,
0.513537792,71208,UA, Ken  we apologize for the delayed response  We thank you for bringing this to our attention  Please let us know if you need any additional assistance   MT,apolog delay respons thank bring thi attent pleas know need addit assist,,,U,
0.149596867,47862,LS, Hey  thanks for your interest  All our current roles can be viewed here  https   t co JDGo vE  M    Sarah,thank your interest current role view here http jdgo sarah,,,H,
0.526245078,34965,FR, Hi  if you need any assistance please contact us DM  Thank you  Ale,need assist pleas contact thank,,,H,
0.829303147,44132,LH, That sounds like good news     Sam,that sound like good news,,,N,
0.797042524,86769,WN, You know it  Thanks for sharing the skies with us  Stacy  We look forward to seeing you again next time   Lauren,know thank share sky with staci look forward see again next time lauren,,,N,
0.209490933,73114,UA, Hey Morgan  you ll want to call MileagePlus directly in regards to this  They can be reached at                 and will be able to explain this further   MP,morgan want call mileageplu directli regard thi they reach will abl explain thi further,,,H,
0.2395389,81560,VY, Sorry for the wait and the inconvenience  Andrea  We will request our team to speed your request up ,sorri wait inconveni andrea will request team speed your request,,,U,
0.562046134,14597,AS, Hi there  You will want to see an agent at the airport  I apologize for the wait   Jordan,there will want agent airport apolog wait jordan,,,U,
0.532040032,21958,BE, I am afraid that this is all the information that I have access too  I do apologise for this however  I appreciate the frustration a delayed flight can cause    Rhys,afraid that thi inform that have access apologis thi howev appreci frustrat delay flight caus rhi,,,U,
0.605973568,22396,BE, I m sorry to advise that I don t have access to that information Emma    Daisy,sorri advis that have access that inform emma daisi,,,U,
0.851560154,86491,WN, We are glad to hear that Janez was able to display her excellent Customer Service and be able to make your delay that much more bearable  Steve  Send us a DM with your confirmation # so we can send Janez the praise she deserves   Gabriel,glad hear that janez abl display excel custom servic abl make your delay that much more bearabl steve send with your confirm send janez prais deserv gabriel,,,N,
0.153015671,12172,AF, value and acknowledge your honest feedback  For security and privacy reasons  we kindly ask you to please send us a direct message so we can look into it  verify and assist you accordingly  We look forward to your response and we remain available  Kind regards     ,valu acknowledg your honest feedback secur privaci reason kindli pleas send direct messag look into verifi assist accordingli look forward your respons remain avail kind regard,,,H,
0.455881009,43577,LH, Thank you for providing me with your feedback ID  This reference number is created by my colleagues from Customer Relations  This department takes care of requests in regards to feedback  compensation etc  However  they are not able to locate your bag   Susi      ,thank provid with your feedback thi refer number creat colleagu from custom relat thi depart take care request regard feedback compens howev they abl locat your susi,,,H,
0.064549052,85759,W6, Hi there  please try using the Wizz Air app to add seats or check in ,there pleas use wizz seat check,,,H,
0.825592327,58698,TOM,RT   Snowy forests   Cosy log cabins   Reindeer   Lapland is the stuff of fairy tales  And don t forget the big man in red   Who d lo ,snowi forest cosi cabin reindeer lapland stuff fairi tale forget,,,N,
0.531393813,5315,AA, It s good to see that you re in the air now and on your way  Thanks for your patience this morning ,good that your thank your patienc thi morn,,,U,
0.331444501,86733,WN, We re sorry for the crazy travel day  We know that s not what you were looking for and we sincerely apologize for the disappointment  What city are you traveling out of and what s your flight #  We d be happy to provide an update   Anna,sorri crazi travel know that what were look sincer apolog disappoint what citi travel what your flight happi provid updat anna,,,U,
0.414537295,60711,TOM,Another great example of our #Backtothefloor initiative   this time from #Greece    https   t co kb  FMrU c,anoth great exampl #backtothefloor initi thi time from #greec http fmru,,,N,
0.695053752,49595,NK, I m so sorry to know about the situation  Kindly DM us and share the confirmation # for proper assistance  https   t co dd DI TJ t,sorri know about situat kindli share confirm proper assist http,,,U,
0.752905379,39163,JQ, Thanks for getting back to us Josh  Are you able to DM us your booking reference instead along with your full name  We do not recommend posting confidential information such as booking references so we highly recommend for you to delete your tweet  Regards  Franz,thank get back josh abl your book refer instead along with your full name recommend post confidenti inform such book refer highli recommend delet your tweet regard franz,,,H,
0.298924155,85132,W6, Hi there  please give us a call so our colleagues can check your reservation and give you more information  Thank you  https   t co th YMTeRwK,there pleas give call colleagu check your reserv give more inform thank http ymterwk,,,H,
0.751467667,11947,AF, We can understand your sentiment and we regret that this has happened to your recent journey  John  However  please know that the final say in transporting hand baggage remains with our airport staff  On our end  we can only confirm that our hand baggage weight allowance    ,understand your sentiment regret that thi happen your recent journey john howev pleas know that final transport hand baggag remain with airport staff onli confirm that hand baggag weight allow,,,U,
0.22019681,30628,EW, Since your emails bounce back regardless of the email address we ask you to use  it seems like there s an issue with your email provider  Please try emailing us from another email address  Best  Atilla,sinc your email bounc back regardless email address seem like there issu with your email provid pleas email from anoth email address best atilla,,,H,
0.739643933,48547,NK, Hi Haris  we re sorry about that  Your friend is welcome to DM us so we can assist better  Thanks ,hari sorri about that your friend welcom assist better thank,,,U,
0.791072993,12588,AF,     You can request a new Flying Blue card or print a copy of your card via this link https   t co gpp rxcsXF  If you are an iPhone user  you can also add your Flying Blue Card to the Wallet app  We remain available for further assistance ,request fli blue card print copi your card thi link http rxcsxf iphon user also your fli blue card wallet remain avail further assist,,,H,
0.652909991,54455,QF, We can t wait to make you feel at home onboard Amber  Don t hesitate to let our crew know if there s anything they can do to make your journey more comfortable    Zen,wait make feel home onboard amber hesit crew know there anyth they make your journey more comfort,,,H,
0.579780169,70736,UA, Thanks for the shout out  We re always working to improve your flight experience  and we appreciate the kind words   RX,thank shout alway work improv your flight experi appreci kind word,,,N,
0.78356315,26247,DL, Thank you   One moment please  HML,thank moment pleas,,,N,x
0.75204017,15106,AS, Oh no   Please send me your confirmation code so I can take a look at everything    Carrie https   t co t ooDR  zz,pleas send your confirm code take look everyth carri http oodr,,,U,
0.228429707,28265,DL, Oh no  I m so sorry about that Breana  To protect the security of your reservation  please provide the flight number  travel date  city pair and last name along with either your SkyMiles account number  confirmation number or ticket number via DM  Thank you  TDL https   t co  iDGBJRMTU,sorri about that breana protect secur your reserv pleas provid flight number travel date citi pair last name along with either your skymil account number confirm number ticket number thank http idgbjrmtu,,,U,
0.793390092,292,AA, Baggage Service will look over your request more closely  Connect with them here  https   t co zSdeH  Yqc https   t co c WPmpJSpV ,baggag servic will look over your request more close connect with them here http zsdeh http wpmpjspv,,,H,
0.615843403,11052,AF, Hello  Aaron and thank you for the message  We understand your disappointment and are aware that the seat allocation is important to our passengers  We try to maintain the original seats  but for operational  safety or security reasons  the airline reserves the right to    ,hello aaron thank messag understand your disappoint awar that seat alloc import passeng maintain origin seat oper safeti secur reason airlin reserv right,,,U,
0.506251233,29612,EW, Sun  sun  sun  here it comes     ,here come,,,N,
0.737651071,50492,NK, Hi  No need to worry  we re here to help  Please DM us your reservation info so we can figure out what s going on as quickly as possible  https   t co dd DI TJ t,need worri here help pleas your reserv info figur what go quickli possibl http,,,H,x
0.988236921,34165,FR, Hi  if you need any assistance please contact us DM  Thank you  Ale,need assist pleas contact thank,,,H,
0.725409978,66140,TT, Hi Adam  we re selling one way or round trip flights to Denpasar from Australia only  Apologies for the inconvenience caused ,adam sell round trip flight denpasar from australia onli apolog inconveni caus,,,U,
0.937485518,49922,NK, We want to assist you  We re concerned about the experience you ve had  When you have a chance  please DM us your confirmation number  https   t co dd DI TJ t,want assist concern about experi when have chanc pleas your confirm number http,,,U,
0.461460203,70945,UA, Hi  Samantha  We re awaiting an update as well  and see that the inbound flight is currently scheduled to arrive at      a m  due to air traffic control conditions   KF,samantha await updat well that inbound flight current schedul arriv traffic control condit,,,H,
0.124407539,65638,TT, Hi Kelly  you are still required to print your boarding pass ,kelli still requir print your board pass,,,H,
0.165057263,18828,B6, We re sorry to hear it  Please reach out to an inflight crewmember  There may be something they can do to help ,sorri hear pleas reach inflight crewmemb there someth they help,,,U,
0.45053492,3663,AA, Extra security screening is assigned randomly and we don t have control over the selection  Please work with TSA directly on this ,extra secur screen assign randomli have control over select pleas work with directli thi,,,H,
0.444186303,76436,VA, Thank you for this feedback Troy  We will be sure to pass this feedback on internally   ST,thank thi feedback troy will sure pass thi feedback intern,,,H,
0.407943737,72122,UA, Hello  we are sorry to hear that you had a change occur  Have you been able to speak with an agent   LT,hello sorri hear that chang occur have been abl speak with agent,,,U,
0.71806053,46607,LS, Great to hear  See you all on board again soon   ,great hear board again soon,,,N,
0.663800104,86488,WN, Yikes  I m sorry to hear of the delay  I d be happy to look into it and see what I could do  Could you send me a DM with your confirmation number   Dillon https   t co mQmfkXW oV,yike sorri hear delay happi look into what could could send with your confirm number dillon http mqmfkxw,,,U,
0.526797636,22062,BE, Hi there  thank you for getting in touch  I am sorry to hear that you have not received an answer your question you submitted earlier this week  I must advise that their response time is currently higher than normal at around    days  However we can he    https   t co Gzes mjUDf,there thank get touch sorri hear that have receiv answer your question submit earlier thi week must advis that their respons time current higher than normal around day howev http gze mjudf,,,U,
0.03882133,20646,BE, I appreciate your frustration Nick and I can only reiterate my apologies  I would like to thank you again for your ongoing patience    Daisy,appreci your frustrat nick onli reiter apolog would like thank again your ongo patienc daisi,,,U,
0.186441548,89227,WN, Enjoy a drink on us  Will be looking forward to seeing you onboard soon   Dillon,enjoy drink will look forward see onboard soon dillon,,,N,
0.417298915,10334,AF, Hello Steve  since your tickets are already paid in local currency  VND  only your local Air France reservation team in Vietnam can assist you in regards to your request  We remain available should you need assistance on a different matter  thank you for understanding ,hello steve sinc your ticket alreadi paid local currenc onli your local franc reserv team vietnam assist regard your request remain avail should need assist differ matter thank understand,,,H,
0.22794128,4628,AA, What s going on  DM us your record locator and more details if you need help ,what go your record locat more detail need help,,,H,
0.552861962,42648,LH, Hi Kirankumar  I am sorry for the inconvenience caused  Please call our Service Center https   t co tXXaeaMGbC they can book this for you   Jack,kirankumar sorri inconveni caus pleas call servic center http txxaeamgbc they book thi jack,,,U,
0.744773237,19010,B6, Ah  Thanks for letting us know  Will you DM us so we can share important information with you ,thank let know will share import inform with,,,H,
0.747903595,44260,LH, Sorry to hear about your experience  Should you intent to file an official complaint  kindly use the feedback form on the website to contact Customer Relations  https   t co  MOFLYElac  My colleagues will then investigate the incident   Mac,sorri hear about your experi should intent file offici complaint kindli feedback form websit contact custom relat http moflyelac colleagu will then investig incid,,,U,
0.580722756,54344,QF, Hi Henry  the Team is experiencing a high volume of inquiries at the moment but please feel free to DM us and we d be happy to assist via this channel  Mark https   t co K pFuJB Bl,henri team experienc high volum inquiri moment pleas feel free happi assist thi channel mark http pfujb,,,H,
0.972916098,77593,VA, Hi Bill  VA   on March   is Wi Fi equipped     RM,bill march equip,,,H,
0.368956985,16277,B6, We ll send your message on to our IT department  If you need to make any changes to your reservation  please give us a call at       JETBLUE and one of our crewmembers will be able to assist you  Thanks for your patience   https   t co xSmyP Lfyg,send your messag depart need make chang your reserv pleas give call jetblu crewmemb will abl assist thank your patienc http xsmyp lfyg,,,H,
0.106890896,51365,NK, Hi Erika  we re sorry to hear about your flight delay  Please send us a DM so we can look into this for you,erika sorri hear about your flight delay pleas send look into thi,,,U,
0.078270088,57526,TO, Hello  I am sorry to read you have been offered a lower amount than you have requested  In case you are not satisfied with the outcome please reply via the message from the customer care department since only my colleagues are responsible for handling your claim  Kamila,hello sorri read have been offer lower amount than have request case satisfi with outcom pleas repli messag from custom care depart sinc onli colleagu respons handl your claim kamila,,,U,
0.744015345,10959,AF, for your response and we remain available     ,your respons remain avail,,,N,
0.758561098,32695,FR, Hi  answered via DM  Tere,answer tere,,,H,
0.774580906,70068,UA, Hi there  we apologize for the delay today  If you need any assistance  please let us know   MD,there apolog delay today need assist pleas know,,,U,
0.997881775,40843,JQ, Hi  Sorry to hear about this  Could you send us a DM with your booking reference and the details of what have gone wrong  Thanks   H,sorri hear about thi could send with your book refer detail what have gone wrong thank,,,U,
0.050639352,23911,DE,RT   The new  livery on a Boeing      I really like it  #insightcondor http   t co pXcp lKMcK,liveri boe realli like #insightcondor http pxcp lkmck,,,N,
0.19163256,67167,U2, Hi Lally  thanks for tweeting us  You could  but it would need to go inside your cabin luggage    Stephen,lalli thank tweet could would need insid your cabin luggag stephen,,,H,
0.673920404,2882,AA, We know you have places to be and would love to get an update  Please share the flight number ,know have place would love updat pleas share flight number,,,H,
0.843351944,52727,QF, Hi Will  please feel free to DM us with your booking details so we can take a closer look  Khalid https   t co K pFuJB Bl,will pleas feel free with your book detail take closer look khalid http pfujb,,,H,
0.495293803,47083,LS,  Hi Liam  I ve replied to your private message   Sarah,liam repli your privat messag sarah,,,H,
0.772876477,1572,AA, We d like to take a closer look at this and will need some info from you  Please share your record locator with us via DM ,like take closer look thi will need some info from pleas share your record locat with,,,H,
0.472477482,21492,BE, Hi Chris  thanks for getting in touch  For some time  the number of passengers travelling with hand luggage only  has increased  causing more pressure on the limited space available in overhead lockers and under the seats  The main reason for our sizes    https   t co Z g XtZRH ,chri thank get touch some time number passeng travel with hand luggag onli increas caus more pressur limit space avail overhead locker under seat main reason size http xtzrh,,,H,
0.523208648,43568,LH, Unfortunately I m not able to speed things up here on Facebook  Please accept my apologies  I hope you ll be reunited with your bag soon        Alex,unfortun abl speed thing here facebook pleas accept apolog hope reunit with your soon alex,,,U,
0.591772025,27230,DL, Hi Mike  We apologize for the inconvenience  We sincerely apologize that you had to check a bag that you had no intention of checking  Thank you for advising us on your flight experience  Again  our apologies  TAS,mike apolog inconveni sincer apolog that check that intent check thank advis your flight experi again apolog,,,U,
0.889331977,33674,FR, Hi  sorry for the inconvenience  we would advise you to contact the staff at the airport for further information  Ana,sorri inconveni would advis contact staff airport further inform,,,U,
0.883592292,1645,AA, What s going on  How can we help you ,what go help,,,H,
0.697423005,39388,JQ, Hi Brian  an IT issue affected our airport systems this morning resulting in multiple flights experiencing delays  However  our technicians have worked on the issue and all our systems are now back up and running  and flights operating normally   Camille,brian issu affect airport system thi morn result multipl flight experienc delay howev technician have work issu system back run flight oper normal camil,,,H,
0.155396647,49162,NK, We re awfully sorry to hear about that  Dan  Please DM us your reservation info so we can take a closer look into this ,aw sorri hear about that pleas your reserv info take closer look into thi,,,U,
0.173613006,52179,QF, Hope you have a wonderful flight  Maki    Chandrani,hope have wonder flight maki chandrani,,,N,
0.382558289,3283,AA, We know our elite members enjoy their upgrades  We re sorry they didn t all kick in this time ,know elit member enjoy their upgrad sorri they didn kick thi time,,,U,
0.264544259,8162,AC,  Hello  we re very sorry to hear that your bag has been delayed  We invite you to check for an update by consulting our WebTracer tool found here https   t co WYub YABxB or by contacting our Central Baggage Office at                  Raf,hello veri sorri hear that your been delay invit check updat consult webtrac tool found here http wyub yabxb contact central baggag offic,,,U,
0.311988268,29994,EW, I m sorry for your cancellation  been cancelled as the aircraft intended for your flight can t be operated due to a technical fault  The safety of our passengers is our top priority  Unfortunately  there is no spare aircraft available today  Best  Liam,sorri your cancel been cancel aircraft intend your flight oper technic fault safeti passeng prioriti unfortun there spare aircraft avail today best liam,,,U,
0.018489429,48964,NK, The last thing we want to do is disappoint you  Please send us a DM with your confirmation number and we ll do all we can to make it right ,last thing want disappoint pleas send with your confirm number make right,,,U,
0.765562658,64228,TT, Hi Jarrod  Thanks for reaching out    Please send us a private message if you d like assistance with the status of your flight    Thanks  Andrew,jarrod thank reach pleas send privat messag like assist with statu your flight thank andrew,,,H,
0.515543813,6344,AA, Hooray for CiCi  We ll forward your kind words to our flight attendant leadership  #AATeam,hooray cici forward your kind word flight attend leadership #aateam,,,N,
0.48680092,64733,TT, Hi Kelly  it is standard aviation procedure to use the average male weight and average female weight to assist in estimating the weight of the aircraft  This is consistent across all airlines     Emily,kelli standard aviat procedur averag male weight averag femal weight assist estim weight aircraft thi consist across airlin emili,,,H,
0.743974381,47061,LS, We re sorry to hear this Bob  did you email our team at customer service com to log your complaint and discuss this further  Thanks  Marie,sorri hear thi email team custom servic your complaint discuss thi further thank mari,,,U,
0.492350146,52943,QF,Being rewarded for your business travel is just one of the reasons for flying with us    Learn more about flying with us  gt  gt  https   t co   VchsmMqz https   t co Eiqdbfwik ,be reward your busi travel just reason fli with learn more about fli with http vchsmmqz http eiqdbfwik,,,N,
0.471623211,86104,WN, We re sorry to hear our onboard WiFi hasn t been available on your recent flights  Dustin  We re currently working with our provider to improve the overall quality and reliability of our onboard offering  and regret any inconvenience caused   Nidhi,sorri hear onboard wifi hasn been avail your recent flight dustin current work with provid improv overal qualiti reliabl onboard offer regret inconveni caus nidhi,,,U,
0.826569744,57555,TO,   Hello  You can always check the flight status here  https   t co svYVoXMSNq case of any delay  you will be informed via sms or email message  Can you please send me your booking number with a full name in private message  I will gladly check for updates  Kamila,hello alway check flight statu here http svyvoxmsnq case delay will inform email messag pleas send your book number with full name privat messag will gladli check updat kamila,,,H,
0.353338422,43866,LH, The only possibility is to try to call her directly  We re unable to provide other information about our passengers for data security reasons  I hope you will reach her soon   John,onli possibl call directli unabl provid other inform about passeng data secur reason hope will reach soon john,,,H,
0.705580756,72770,UA, While we certainly regret that this was your experience  delays of this nature are is out of our control  Booking access can be restricted with codeshares  and we do apologize that you had issues rebooking  Please let us know if we can be of further assistance         AN,while certainli regret that thi your experi delay thi natur control book access restrict with codeshar apolog that issu rebook pleas know further assist,,,U,
0.217118647,13830,AS, Oh no I am so sorry  We will do better    Andre,sorri will better andr,,,U,
0.637949357,33037,FR, Hi  please contact us DM in order to assist you better   Ale,pleas contact order assist better,,,H,
0.974402571,88549,WN, Thanks for your loyalty and the kind words  Ethan  Have a great day   Andrew,thank your loyalti kind word ethan have great andrew,,,N,
0.611974176,78563,VA, VA    is scheduled to depart on time tomorrow morning Tim    MM,schedul depart time tomorrow morn,,,H,
0.583952887,47201,LS, Hi  our team have been unable to find your email in our database for the customers who received this offer  We re just waiting on our team to get back to us with further information on how to go forward with this  Thanks  Marie,team have been unabl find your email databas custom receiv thi offer just wait team back with further inform forward with thi thank mari,,,H,
0.228873183,42620,LH, That s correct  in the Economy Light Fare  you can bring one piece of carry on baggage plus the above mentioned personal item  but no checked in baggage at all   Mac,that correct economi light fare bring piec carri baggag plu abov mention person item check baggag,,,H,
0.222696923,12674,AF, Thanks Adrien  We will reply to you shortly ,thank adrien will repli shortli,,,H,
0.663068114,9184,AC, Hello Kendra  Can t wait to have you on board   Jul,hello kendra wait have board,,,N,
0.877240007,88027,WN, Awesome  Thank you so much for sharing this lovely view with us  Holly   LaNae  LaNae https   t co BmvJJDXLaq,awesom thank much share thi love view with holli lana lana http bmvjjdxlaq,,,N,
0.070123709,67784,U2, I ve replied already  Jera,repli alreadi jera,,,H,
0.600252946,53986,QF, We re sorry to keep you waiting  Dean  Feel free to DM us  should you require any assistance here  Prachi https   t co K pFuJB Bl,sorri keep wait dean feel free should requir assist here prachi http pfujb,,,U,
0.787299761,60912,TOM,Welcome to the TUI family       Max   Rhodes  #namegiving #b   max  https   t co zuxfM OVNK,welcom famili rhode #namegiv http zuxfm ovnk,,,N,
0.243113485,42302,LH, Please give my colleagues some more time to look into your case   they will get back to you as soon as possible   Susi,pleas give colleagu some more time look into your case they will back soon possibl susi,,,H,
0.341791235,47961,LS, aaw I hope you ve had a lovely time though   ,hope love time though,,,N,
0.805435828,71739,UA, We are sorry to hear this  What is your flight number   LF https   t co Y hG uklaR,sorri hear thi what your flight number http uklar,,,U,
0.969710021,82929,W6, Hi Sammie  online check in is available from    days up to   hours before the departure if you purchase a seat  If you don t buy a seat and wish to check in with a randomly selected one free of charge  you ll be able to    hours before departure    ,sammi onlin check avail from day hour befor departur purchas seat seat wish check with randomli select free charg abl hour befor departur,,,H,
0.032640382,54866,TO, Hello Anand   No problem  we can cancel one ticket and do the full refund  Can you please send us a private message with the booking number and the name of the passenger  Kind regards  Dani,hello anand problem cancel ticket full refund pleas send privat messag with book number name passeng kind regard dani,,,H,
0.325125782,76611,VA, Hi Rebecca  we are sorry to hear this feedback  Please visit here to provide further detail  https   t co b FCbJR Hi  and our Guest Relations team will investigate this for you   ST,rebecca sorri hear thi feedback pleas visit here provid further detail http fcbjr guest relat team will investig thi,,,U,
0.890347348,58784,TOM,Cruise ships using environmental technologies are popular amongst cruise costumers    https   t co epdswrUqyx https   t co  c vSUCJfx,cruis ship use environment technolog popular amongst cruis costum http epdswruqyx http vsucjfx,,,N,
0.29949631,7208,AC,  Hello  thank you for reaching out to us and we regret to hear that no agent was able to serve you in French  May you please DM us further details so we can better advise   Mick,hello thank reach regret hear that agent abl serv french pleas further detail better advis mick,,,U,
0.352943896,43214,LH, Sorry to hear  Please find your rights here  https   t co jC fHqbdrJ  Have you already reported your delayed baggage  If yes  please keep in touch with the telephone number on your loss report   they are the right point of contact   John,sorri hear pleas find your right here http fhqbdrj have alreadi report your delay baggag pleas keep touch with telephon number your loss report they right point contact john,,,U,
0.823613438,19856,BE, No worries  this should be absolutely fine to take on board the cabin with you    Laura,worri thi should absolut fine take board cabin with laura,,,H,
0.207020304,72938,UA, We re glad you re enjoying it  Scott   CM,glad enjoy scott,,,N,
0.852062805,1130,AA, On time departures are the goal and we do our best to avoid cancellations  You re welcome to DM your record locator ,time departur goal best avoid cancel welcom your record locat,,,H,
0.786609952,33801,FR,  Hi  please contact us DM in order to assist you better   Ana,pleas contact order assist better,,,H,
0.207145514,60364,TOM,Sustainable tourism gains traction http   t co W NEDOr nj via ,sustain tourism gain traction http nedor,,,N,
0.794976652,9821,AF, Hello Sam I Am  we are glad to hear that you will be travelling with us  Please don t hesitate to write us here should you require our assistance via this channel  We remain available at your disposal  Thank you ,hello glad hear that will travel with pleas hesit write here should requir assist thi channel remain avail your dispos thank,,,H,
0.572591213,13809,AS,  Hi   I ll pass along your feedback   Julie,pass along your feedback juli,,,H,x
0.445081678,42518,LH, Generally  no peanuts are served on board  But as with many other foods  referring to the warning on the packaging   Lufthansa cannot guarantee that no traces of allergens are in the foods served  Looking forward to welcoming you on board   Ella,gener peanut serv board with mani other food refer warn packag lufthansa cannot guarante that trace allergen food serv look forward welcom board ella,,,H,
0.94001506,41084,JQ, Hi there  thanks for the tweet  Just letting you know that I ve responded to your DM  Thanks   Yen,there thank tweet just let know that respond your thank,,,H,
0.796387625,50326,NK, Hi Amirius  Please DM us your reservation info so we can figure out what s going on  https   t co dd DI TJ t,amiriu pleas your reserv info figur what go http,,,H,
0.337470387,52791,QF, Thanks for bringing this up to our attention  Leigh  Would you mind sharing the link to this page via DM  CB https   t co K pFuJB Bl,thank bring thi attent leigh would mind share link thi page http pfujb,,,H,
0.138428762,9602,AC, Hello Susan  May you please DM your booking reference so we can better advise   Sam,hello susan pleas your book refer better advis,,,H,
0.931907185,27950,DL, To protect the security of your account  please verify your SkyMiles account number  full name  date of birth  and e mail or mailing address  via the DM link below  TKF https   t co  iDGBJRMTU,protect secur your account pleas verifi your skymil account number full name date birth mail mail address link below http idgbjrmtu,,,H,
0.319366654,17237,B6, We re aware of the disruptions affecting the customers on this flight and we apologize for the inconvenience  Our airport crew will be your best resource for assistance while you wait  Compensation will be provided via email post flight ,awar disrupt affect custom thi flight apolog inconveni airport crew will your best resourc assist while wait compens will provid email post flight,,,U,
0.953645409,2741,AA, The flight has been canceled and we see you ve been rebooked  Our apologies for the lack of communication during the process ,flight been cancel been rebook apolog lack commun dure process,,,U,
0.059744489,83752,W6, If your departure is in more than    days  you can use this link  https   t co th YMTeRwK  to submit a claim  Then we ll be able to change your gender  Thank you ,your departur more than day thi link http ymterwk submit claim then abl chang your gender thank,,,H,
0.440771566,47015,LS, Hey Matthew  We haven t confirmed a release date yet  but these should be available within the next few weeks  Thanks  Jasmine,matthew haven confirm releas date these should avail within next week thank jasmin,,,H,
0.973500578,83043,W6, Hello again  if the bank transfer booking doesn t receive payment it will cancel itself automatically ,hello again bank transfer book doesn receiv payment will cancel itself automat,,,H,
0.991166589,64825,TT, Hi Fiona  I can confirm today s cancellations and delays are due to weather in Sydney leading to single runway operations  I can confirm our pilots are not on strike and we have not experienced any industrial action     Emily,fiona confirm today cancel delay weather sydney lead singl runway oper confirm pilot strike have experienc industri action emili,,,H,
0.366574796,30879,EW, You are welcome to send an email with your compensation request to service com  Please note that the processing time may take   up to   weeks  Also  due to your own safety  please hide your personal details from the public  Best  Marie,welcom send email with your compens request servic pleas note that process time take week also your safeti pleas hide your person detail from public best mari,,,H,
0.862778648,87813,WN, We re always looking out for you  Domenica  Thank you for your patience and flexibility   Allison,alway look domenica thank your patienc flexibl allison,,,N,
0.565429579,13510,AS, It never will  Thanks for joining us    Have a great flight   Jordan,never will thank join have great flight jordan,,,N,
0.987716995,72204,UA, Hi Jay  we know that checking your baggage when there is overhead bin space can be frustrating and we apologize  Thank you for your understanding   LT,know that check your baggag when there overhead space frustrat apolog thank your understand,,,U,
0.571576179,28062,DL, Please private message your information for security reason  BAY https   t co  iDGBJRMTU,pleas privat messag your inform secur reason http idgbjrmtu,,,H,
0.014065123,53978,QF,Hit the ground running with these Singapore visual delights   Book flights to Singapore now  https   t co eR utDOSUb https   t co WwDUsRzDl ,ground run with these singapor visual delight book flight singapor http utdosub http wwdusrzdl,,,N,
0.195641624,68958,U2, You just need to book them separately when booking online  Linda  Book it for one person for the flight and then again for the second person s flight    Jera,just need book them separ when book onlin linda book person flight then again second person flight jera,,,H,
0.660344694,75821,UX, Hi  Charlotte  We have just replied to your DM  Regards ,charlott have just repli your regard,,,H,
0.040429018,43639,LH, A special meal can be ordered online on our website by loging in to your booking or by phone up to    hours prior departure  https   t co tXXaeaMGbC   Sam,special meal order onlin websit loge your book phone hour prior departur http txxaeamgbc,,,H,
0.985616455,27828,DL, Vince  I am so sorry for your frustration   Please know that Delta does not condone discrimination for any reason and we take your comments very seriously  If you can please DM your confirm # and the full name on the booking  Thank you  HKM https   t co  iDGBJRMTU,vinc sorri your frustrat pleas know that delta doe condon discrimin reason take your comment veri serious pleas your confirm full name book thank http idgbjrmtu,,,U,
0.73830233,45826,LS, Very sorry to hear this  Chris  Could you please let me know your booking reference via DM  Thanks  Tom,veri sorri hear thi chri could pleas know your book refer thank,,,U,
0.850547783,39280,JQ,     and those who missed out will experience errors and be returned to the start with the new price    I d recommend clearing your browser s cookies and cache to ensure that you have the most updated version of our website  Thanks   H,those miss will experi error return start with price recommend clear your browser cooki cach ensur that have most updat version websit thank,,,H,
0.254097635,13438,AS, I m sorry for any frustration  Please reach out to one of our flight attendants for assistance   Sara,sorri frustrat pleas reach flight attend assist sara,,,U,
0.758091335,60142,TOM,We ve announced a proposed merger with TUI AG   read the full statement here  http   t co JdNGCqAJSN,announc propos merger with read full statement here http jdngcqajsn,,,N,
0.239514922,38008,IB, Hello Laura  please send us the details by DM  Regards  https   t co TtTOe Tk H,hello laura pleas send detail regard http tttoe,,,H,
0.817490583,4486,AA, We re sorry to hear that  Please let us know if we can assist you with anything ,sorri hear that pleas know assist with anyth,,,U,
0.031222317,83933,W6, Okay  it s likely that one of your payments hasn t gone through successfully   you could check that with your bank  If the sum is blocked  it should become available again soon  and you may book your tickets once more ,okay like that your payment hasn gone through success could check that with your bank block should becom avail again soon book your ticket onc more,,,H,
0.762037846,77032,VA, Hi George  we are sorry that your travel plans have been disrupted  For assistance with rescheduling please phone our Guest Contact Centre on           or                 if phoning from overseas    RM,georg sorri that your travel plan have been disrupt assist with reschedul pleas phone guest contact centr phone from oversea,,,U,
0.255702457,27448,DL, H there  I ll be happy to check your reservation for you  Please share your confirmation with our direct message  TJP https   t co  iDGBJRMTU,there happi check your reserv pleas share your confirm with direct messag http idgbjrmtu,,,H,
0.066922092,27693,DL, Hello  Very sorry to hear  Pls follow DM your info if you are needing any assistance  ARD https   t co  iDGBJRMTU,hello veri sorri hear follow your info need assist http idgbjrmtu,,,U,
0.304613577,78931,VA, Merry Christmas Gary    MM,merri christma gari,,,N,
0.563353227,15198,AS, So AWESOME  #BestCrew      Laura,awesom #bestcrew laura,,,N,
0.245737993,62473,TOM, More than half       of men and women would propose to their other half on holiday    https   t co irIw zpz t,more than half women would propos their other half holiday http iriw,,,N,
0.930246937,84286,W6, Hi there  please try again from a different device or browser  Alternatively you can download our mobile app and try from there as well  Thank you ,there pleas again from differ devic browser altern download mobil from there well thank,,,H,
0.038532251,86002,W6, Dear Stuart  we are sorry to hear about the inconvenience  You can submit a complaint on our website  https   t co nSaTMVYv F Please keep in mind a Property Irregularity Report  PIR  will be required ,dear stuart sorri hear about inconveni submit complaint websit http nsatmvyv pleas keep mind properti irregular report will requir,,,U,
0.606709424,67345,U2, Sorry to hear this Bethan  Can you please send me a DM with the booking reference  name of the booker and the email address on the booking  Along with a PNR number if you have one    Dan https   t co Qq zhBAizh,sorri hear thi bethan pleas send with book refer name booker email address book along with number have http zhbaizh,,,U,
0.77833477,79468,VA, Stretch those legs   LG,stretch those leg,,,N,
0.07937165,13881,AS, Hmm    are you able to reply to the email that was sent  You may want to give Central Baggage a call               Carrie,abl repli email that sent want give central baggag call carri,,,H,
0.522096735,25831,DL, Awesome  Take care  HJZ,awesom take care,,,N,
0.838693662,22450,BE, Hi Sam  thank you for getting in touch  I am sorry to hear that you are having some issues when checking in online  I appreciate the frustration this can cause  Could you please DM me with your  Flybe booking reference  email address and the full names    https   t co ULQ  ZqLTo,thank get touch sorri hear that have some issu when check onlin appreci frustrat thi caus could pleas with your flybe book refer email address full name http zqlto,,,U,
0.230047059,25927,DL, Oh no  Matt  I apologize for the delay on your flight  I would be more than glad to check on the delay for you  To protect the security of your reservation  please DM me with your confirmation number  TCM https   t co  iDGBJRMTU,matt apolog delay your flight would more than glad check delay protect secur your reserv pleas with your confirm number http idgbjrmtu,,,U,
0.400208897,49550,NK, We re sorry to hear this  if you need assistance please DM us your confirmation code  https   t co dd DI TJ t,sorri hear thi need assist pleas your confirm code http,,,U,
0.586922002,14515,AS, Thanks for sharing   Suli,thank share suli,,,N,
0.187753608,51627,QF, Hi Michael  members will need to earn or use at least one point within    points to avoid this expiring  While your feedback is noted  you re welcome to call our Frequent Flyer team on          to discuss this further  MP,michael member will need earn least point within point avoid thi expir while your feedback note welcom call frequent flyer team discuss thi further,,,H,
0.474107574,46044,LS, Hi Pete  I m sorry to hear this   please can you send us a DM with your booking reference so we can investigate further  Thanks   Holly,pete sorri hear thi pleas send with your book refer investig further thank holli,,,U,
0.979752358,20374,BE, Hello  thank you for getting in touch  I have looked into this further and I can confirm that the delay is due to a late incoming aircraft  We are currently waiting for an update from our ground crew  The estimated departure time is        I hope this helps  Thanks    Ren,hello thank get touch have look into thi further confirm that delay late incom aircraft current wait updat from ground crew estim departur time hope thi help thank,,,H,
0.914786508,50199,NK, Hello  We don t like that you ve had a negative experience with us  Please DM your reservation # for assistance ,hello like that neg experi with pleas your reserv assist,,,U,
0.412980636,87306,WN, I apologize if you were not made aware of this but  we do state this  I have attached a picture below as an example  That said  we do also offer free Live TV or free movies onboard   Nate https   t co    NJiGd d,apolog were made awar thi state thi have attach pictur below exampl that said also offer free live free movi onboard nate http njigd,,,U,
0.227200169,45729,LS, Hi Janet  black and white is absolutely fine    Lee,janet black white absolut fine,,,H,
0.677493803,70228,UA, We apologize for this situation  Have you spoken with a Baggage agent upon landing   LF https   t co Y hG uklaR,apolog thi situat have spoken with baggag agent upon land http uklar,,,U,
0.35899651,28335,DL, Thank you for being a loyal Medallion member with us Lillian  Our sincere apology for any inconvenience  ALS,thank be loyal medallion member with lillian sincer apolog inconveni,,,U,
0.291178012,88845,WN, So sorry for the delayed response and overall experience today  Catherine  Please know that it s never an enjoyable or rewarding choice for us to cancel a flight  however appreciate the feedback  We hope for smooth sailing going forward   Victoria,sorri delay respons overal experi today catherin pleas know that never enjoy reward choic cancel flight howev appreci feedback hope smooth sail go forward victoria,,,U,
0.005264605,60789,TOM,Statement of TUI Group CEO Fritz Joussen at today s #TUIAGM    https   t co xHntJOiAED,statement group fritz joussen today #tuiagm http xhntjoia,,,N,
0.960907505,10567,AF,  Hello Sameer  thank you for reaching out to us via this channel  We have contacted you via Direct Message  kindly check your inbox  To avoid confusion kindly communicate with us via Direct Message  Thank you ,hello sameer thank reach thi channel have contact direct messag kindli check your inbox avoid confus kindli commun with direct messag thank,,,H,
0.571171715,50191,NK, I m so sorry to know about what happened  Please DM us and provide the confirmation # for proper assistance  https   t co dd DI TJ t,sorri know about what happen pleas provid confirm proper assist http,,,U,
0.565106818,17446,B6, In addition to our complimentary snacks  you can purchase meal items from our Eat Up Cafe   https   t co JHd Qi td  Enjoy ,addit complimentari snack purchas meal item from cafe http enjoy,,,N,
0.201802692,85483,W6, Dear Alex  if your flight is far in the future  you can submit the official complaints form on our website   otherwise  you should contact our Call Center  so that our agents can check your booking and assist you  Thank you ,dear alex your flight futur submit offici complaint form websit otherwis should contact call center that agent check your book assist thank,,,H,
0.479540533,8654,AC, Hello Anuj  Could you DM us your booking reference  So we may better advise   Jul,hello anuj could your book refer better advis,,,H,
0.457038095,69840,U2, Our baggage policy Janine is one item of hand luggage per person  unless you have booked upfront seats  extra legroom seats  flexi fare or you are an easyJet plus account holder then you are allowed an additional small under the seat bag      ,baggag polici janin item hand luggag person unless have book upfront seat extra legroom seat flexi fare easyjet plu account holder then allow addit small under seat,,,H,
0.204821295,64218,TT, Hi Dylan  I m sorry to hear you are disappointed regarding your priority boarding purchase  I d encourage you to submit your feedback and any requests formally for review via our customer support portal   https   t co IGNu VLI V    Emily,dylan sorri hear disappoint regard your prioriti board purchas encourag submit your feedback request formal review custom support portal http ignu emili,,,U,
0.443030552,50622,NK, Hi  if you need to speak with agent please call               press   then   ,need speak with agent pleas call press then,,,H,
0.848086447,68011,U2,  Apply directly to us to receive all compensation  Compensation claims companies will charge you a fee for their services  One of our team of specialists will come back to you within approximately    days to confirm whether you are eligible for compensation  Hanna,appli directli receiv compens compens claim compani will charg their servic team specialist will come back within approxim day confirm whether elig compens hanna,,,H,
0.254215246,14158,AS,   Beautiful view    Andre,beauti view andr,,,N,
0.812975145,63110,TOM,RT   Tui Long  We want consistency on consumer protection  Whether you re selling a package or putting elements together  it do ,long want consist consum protect whether sell packag put element togeth,,,N,
0.728971196,85703,W6, Hi there  it can take up to    hours for the credits to appear in your account  We wish you a lovely day ,there take hour credit appear your account wish love,,,H,
0.297298753,61188,TOM,RT   #TUI welcomed its first  #   MAX on #bio jet fuel  A milestone towards the future of sustainable aviation      Interes ,#tui welcom first #bio fuel mileston toward futur sustain aviat inter,,,N,
0.314345978,85965,W6, Hey there for security reasons  we advise you to not share any personal information such as confirmation codes  The change of the price could happen in cases in which another passengers has bought the available fare and another price has appeared after you refresh ,there secur reason advis share person inform such confirm code chang price could happen case which anoth passeng bought avail fare anoth price appear after refresh,,,H,
0.174842817,53664,QF, We re sorry for the wait  Guy  We can assist via this channel so please feel free to DM us in case you need assistance  Mark https   t co K pFuJB Bl,sorri wait assist thi channel pleas feel free case need assist mark http pfujb,,,U,
0.740948396,66180,TT, Hi Paul  sorry to hear this and we apologise for any inconvenience caused  Our baggage policy is practiced within our operation ,paul sorri hear thi apologis inconveni caus baggag polici practic within oper,,,U,
0.214726536,40511,JQ, Hi there  thanks for the reply and I apologise that you incurred additional charges at the airport  So I can check this further for you  kindly DM your booking reference along with your full name and we ll see on how we can assist  Regards   Joie,there thank repli apologis that incur addit charg airport check thi further kindli your book refer along with your full name assist regard joie,,,U,
0.957238022,49567,NK, I m so sorry to know about what happened  Kindly DM us and provide the confirmation # for proper assistance  https   t co dd DI TJ t,sorri know about what happen kindli provid confirm proper assist http,,,U,
0.427471269,40825,JQ,     So we could further check  kindly DM us your booking reference and full name  Thanks   Yen,could further check kindli your book refer full name thank,,,H,
0.786058701,2380,AA, We loved flying with you  and we re glad you could experience the #     Congratulations to your son  too ,love fli with glad could experi congratul your,,,N,
0.19214856,60020,TOM,TUIfly named most climate efficient airline with more than   million passengers in  index  http   t co LVOrQyCxC ,tuifli name most climat effici airlin with more than million passeng index http lvorqycxc,,,N,
0.66505747,10522,AF, Hello Praagya  thank you for contacting us  If you purchased your ticket directly from Air France please DM us your ticket number  If you booked through a travel agency please contact them for further assistance  Thanks ,hello praagya thank contact purchas your ticket directli from franc pleas your ticket number book through travel agenc pleas contact them further assist thank,,,H,
0.741694365,813,AA, We do all we can to avoid cancellations and we re showing flight     took off to PHX  We re here if you need us via DM ,avoid cancel show flight took here need,,,H,
0.282583681,83587,W6, It states  FREE  because you ve already bought this luggage  The only free piece of hand luggage is your hand luggage   x  x  CM  ,state free becaus alreadi bought thi luggag onli free piec hand luggag your hand luggag,,,H,
0.709093424,57997,TOM,Do you have questions to our CEO  Now  it s your chance   City Cube A  A    Go to https   t co hAZWtnFBhW  enter event code #ITB to place your comment    #ITB     #itbcon   https   t co sjIOAJ spG,have question your chanc citi cube http hazwtnfbhw enter event code #itb place your comment #itb #itbcon http sjioaj,,,N,
0.432640711,14903,AS, Wow  that is long  What is your flight number    Laura,that long what your flight number laura,,,H,
0.848851039,5695,AA, We would like to review this a little closer  Please DM your record locator and all details ,would like review thi littl closer pleas your record locat detail,,,H,
0.811916923,68858,U2, HI Emma  please can you give me the flight number or destination so that I can look into this for you  Thanks  Robbie,emma pleas give flight number destin that look into thi thank robbi,,,H,
0.322044605,88830,WN, Aloha  Ashley  Which beautiful island are you heading to this trip    Linnea,aloha ashley which beauti island head thi trip linnea,,,N,
0.322262709,19686,BE, Hi Vanessa  thanks for getting in touch  I apologise that a member of the team was unable to respond to you last night    I m sorry for the frustration that must have been caused by the inconsistencies in regards to our cabin baggage policy  I d like t    https   t co iWc xqnLVs,vanessa thank get touch apologis that member team unabl respond last night sorri frustrat that must have been caus inconsist regard cabin baggag polici like http xqnlv,,,U,
0.148939109,53070,QF, Hi Abigail  we ve replied to your DM  Thanks  MP,abigail repli your thank,,,H,
0.894270186,34197,FR,  Hi  we re sorry for the inconvenience please see here your passenger rights  https   t co LziLfHCxEB and here is the claim form if you wish  https   t co cHF fJK yV,sorri inconveni pleas here your passeng right http lzilfhcxeb here claim form wish http,,,U,
0.406489358,4950,AA, We should be helpful and kind throughout every interaction  We re very sorry to hear this and we ask you DM more details ,should help kind throughout everi interact veri sorri hear thi more detail,,,U,
0.213205834,17912,B6, Please use the link to verify your email address and confirmation code   https   t co xSmyP Lfyg,pleas link verifi your email address confirm code http xsmyp lfyg,,,H,
0.017969569,9567,AC, Hello Jeffery  Thank you for reaching out to us  Could you please DM us your booking reference   Jul,hello jefferi thank reach could pleas your book refer,,,H,
0.612198696,72409,UA, Oh no  we re sorry to hear this  Please DM us with the flight details you d like to book  we d be happy to assist you   RX https   t co Y hG uklaR,sorri hear thi pleas with flight detail like book happi assist http uklar,,,U,
0.023187888,42309,LH, We are not advised about the reason  If you are a passenger affected by this delay  you can forward your enquiry via https   t co  MOFLYElac   Ella,advis about reason passeng affect thi delay forward your enquiri http moflyelac ella,,,H,
0.052174433,19357,BE, I do appreciate your frustration Gary however  every airline will have different cabin baggage restrictions  and these are in place to ensure that all passengers will be able to safely store their bags in the overhead lockers should the flight be fully    https   t co GyKfu Wvz ,appreci your frustrat gari howev everi airlin will have differ cabin baggag restrict these place ensur that passeng will abl safe store their bag overhead locker should flight fulli http gykfu,,,H,
0.302088192,4672,AA, It s never our intention to delay your vacation  Christy  DM us your record locator if you need help ,never intent delay your vacat christi your record locat need help,,,H,
0.330368675,19517,BE, Hi there  thanks for posting  Great photo       Jazz,there thank post great photo jazz,,,N,
0.012661005,16548,B6, Credits  when issued on qualified flights  are per ticketed customer ,credit when issu qualifi flight ticket custom,,,H,
0.895918187,21354,BE, Hi there  thanks for your tweet   I m extremely sorry to hear that your flight has been delayed and for how your bag has been lost   Please can you confirm the flight number so I can look into the reason for the delay   With regards to your bag  if you    https   t co  BwvCTPfHX,there thank your tweet extrem sorri hear that your flight been delay your been lost pleas confirm flight number look into reason delay with regard your http bwvctpfhx,,,U,
0.267480717,84091,W6, Hi there  you can call us if your inquiry includes personal or booking details  Our English line is Available       we would be more than happy to assist you  https   t co   nduGhmB ,there call your inquiri includ person book detail english line avail would more than happi assist http ndughmb,,,H,
0.758555036,52016,QF, We re sorry to hear this Glen  Please DM us more info  so we can pass on the feedback  Helen https   t co K pFuJB Bl,sorri hear thi glen pleas more info pass feedback helen http pfujb,,,U,
0.698728764,60468,TOM, Thanks very much for the RT Hans   hope all is well over at Quark Expeditions  Kerry,thank veri much han hope well over quark expedit kerri,,,N,
0.898691508,15484,AS, I m so sorry to hear this  Can you send your confirmation code through the link    Rae https   t co t ooDR  zz,sorri hear thi send your confirm code through link http oodr,,,U,
0.581173606,61957,TOM,TUI Care Foundation announces sustainable food project on Crete  Tourism Minister emphasizes that Greek people and tourists are benefitting  https   t co B EsdFoizX,care foundat announc sustain food project crete tourism minist emphas that greek peopl tourist benefit http esdfoizx,,,N,
0.6981751,16114,B6, https   t co czURCSHKuX,http czurcshkux,,,N,
0.138781135,11252,AF,     Hello   thank you for bringing this up to us and we regret to read about this  We d like to further look into this on our end  could you please send us a Direct Message as we need to request all the necessary details,hello thank bring thi regret read about thi like further look into thi could pleas send direct messag need request necessari detail,,,U,
0.453265131,3154,AA, Rudeness should never be your experience and our apologies again ,rude should never your experi apolog again,,,U,
0.355156895,78474,VA, Hi Ben  please speak with cabin crew for further assistance  Thank you    RM,pleas speak with cabin crew further assist thank,,,H,
0.632375769,40213,JQ, Thanks for your reply  Please know that the refreshment voucher is subject to approval of our check in counter staff  Thanks   Jerry,thank your repli pleas know that refresh voucher subject approv check counter staff thank jerri,,,H,
0.802688783,19789,BE, We advertised this fact on our website  before  during and after the booking process  It would be the passenger s responsibility to make sure their cabin bag was within our policy    Rhys,advertis thi fact websit befor dure after book process would passeng respons make sure their cabin within polici rhi,,,H,
0.379526874,21016,BE, Hi Erin  Thank you for getting in touch  Amazing photos   So happy to hear you enjoyed your flight with Flybe   Enjoy the rest of your day       Ren,erin thank get touch amaz photo happi hear enjoy your flight with flybe enjoy rest your,,,N,
0.158704185,1922,AA, Please DM your record locator and we ll be happy to take a look ,pleas your record locat happi take look,,,H,
0.894875762,63350,TOM, My colleagues  may be able with this for you   hope you manage to find it ,colleagu abl with thi hope manag find,,,H,
0.181612164,64170,TT, Hi Cam  I m sorry to hear about your experience  Please feel free to submit your feedback via our customer support portal and our customer care team will review and respond   https   t co IGNu VLI V   Kylie,sorri hear about your experi pleas feel free submit your feedback custom support portal custom care team will review respond http ignu kyli,,,U,
0.999486724,10211,AF,     please check section  What To Do If Your Baggage Is Not Found  at link https   t co oAftyeJQR   We remain available at your disposal ,pleas check section what your baggag found link http oaftyejqr remain avail your dispos,,,H,
0.713539534,14489,AS, I m very sorry for the frustration  Some fares such as our saver fares cannot be changed for any reason   Sara,veri sorri frustrat some fare such saver fare cannot chang reason sara,,,U,
0.771143063,48281,LS, Hi James   I m very sorry to hear about your delay  Please listen out for any announcements and continue to check the departure screen for your gate number  Once again I apologise for the delay  we look to have you on your way as soon as possible  Thanks  Tom,jame veri sorri hear about your delay pleas listen announc continu check departur screen your gate number onc again apologis delay look have your soon possibl thank,,,U,
0.367882673,60048,TOM,Tui infinity and beyond  Tui Travel s digital transformation http   t co k XdySnhY  via ,infin beyond travel digit transform http xdysnhi,,,N,
0.181775432,77281,VA,  #SisterGoals  MM,#sistergo,,,N,
0.991126303,65130,TT, Hi  sorry to hear this  We have strict baggage policies for a variety of reasons and all passengers are subject to bag weight checks ,sorri hear thi have strict baggag polici varieti reason passeng subject weight check,,,U,
0.243926918,84326,W6, James  once you selected checked in bag you can t change it to Priority Boarding service  You may only upgrade it to another category of checked in baggage ,jame onc select check chang prioriti board servic onli upgrad anoth categori check baggag,,,H,
0.280580614,33984,FR, Hi Jane  we re very sorry for the inconvenience  please DM us for further assistance  JC,jane veri sorri inconveni pleas further assist,,,U,
0.3321744,7005,AC, Hello  AC   from Delhi has since arrived in Toronto at      this morning   Max,hello from delhi sinc arriv toronto thi morn,,,H,
0.648780495,84521,W6, Hi  Filip  the Wizz Discount Club should be activated by now  so please check again in your account  Thank you ,filip wizz discount club should activ pleas check again your account thank,,,H,
0.626495662,84160,W6, Yes  that s correct ,that correct,,,H,
0.662307515,87809,WN, So sorry for falling short  Drake  All Southwest Airlines Employees are expected to provide friendly  helpful  and attentive service to each of our valued Customers  We re truly sorry if this was not the case yesterday   Mariam,sorri fall short drake southwest airlin employe expect provid friendli help attent servic each valu custom truli sorri thi case yesterday mariam,,,U,
0.570785984,88396,WN, We re very sorry for the challenging start to your day  You re welcome to DM us your confirmation number  and we ll take a closer look at the cause of your cancellation   Linnea https   t co mQmfkXW oV,veri sorri challeng start your welcom your confirm number take closer look caus your cancel linnea http mqmfkxw,,,U,
0.088232857,45519,LS, Hi Nanny  we don t price match I m afraid  Apologies for any disappointment  but we do hope you have a lovely holiday    Jasmine,nanni price match afraid apolog disappoint hope have love holiday jasmin,,,U,
0.412121327,5212,AA, That s a fantastic #AAmericanView ,that fantast #aamericanview,,,N,
0.932134219,16202,B6,  https   t co XoBKWjr ge,http xobkwjr,,,N,
0.363049289,61827,TOM, If you booked with  in the U K   we are sure they will be happy to help you  ,book with sure they will happi help,,,H,
0.272725401,7605,AC, Hello Emerson  we invite you to contact our Reservations team directly  https   t co uYskJfsxRX for further assistance with this   Rose,hello emerson invit contact reserv team directli http uyskjfsxrx further assist with thi rose,,,H,
0.587596371,18822,B6, Darn  we re sorry to hear that  Please DM your confirmation code here   https   t co xSmyP Lfyg,darn sorri hear that pleas your confirm code here http xsmyp lfyg,,,U,
0.52076812,50257,NK, Thank you for your patience  We apologize for the delay in our response  Our team will look into your concern as soon as they can  Please DM us your reservation info so we can look into it  https   t co dd DI TJ t,thank your patienc apolog delay respons team will look into your concern soon they pleas your reserv info look into http,,,U,
0.826818894,11803,AF,     Name Surname  Date of birth and email address  Once we have received the information  we will handle your request as swiftly as possible  We look forward to your response ,name surnam date birth email address onc have receiv inform will handl your request swiftli possibl look forward your respons,,,H,
0.971510719,15251,AS, Only for American Airlines flights  they must be booked on https   t co ytKLMmZJGm to earn miles   Maeghan,onli american airlin flight they must book http ytklmmzjgm earn mile maeghan,,,H,
0.079147326,63374,TOM, Hi Rhys  my colleague  will be able to help with your booking   thanks,rhi colleagu will abl help with your book thank,,,H,
0.117393116,5936,AA, We ve got the pedal to the metal and we ll do all we can to make your connection ,pedal metal make your connect,,,H,
0.769756081,50964,NK, Hello  We don t like that you ve had a negative experience with us  Please DM your reservation # for assistance  https   t co dd DI TJ t,hello like that neg experi with pleas your reserv assist http,,,U,
0.519524339,80292,VY, Hello Bob  once again we apologize for the inconveniences caused  even though they were disruptions caused by the French strike     ,hello onc again apolog inconveni caus even though they were disrupt caus french strike,,,U,
0.510297851,15909,AS, I ll work on that for ya     Laura,work that laura,,,H,
0.70348034,63020,TOM,RT   Tui Travel reports record results   pc jump in pre tax profit to     m for yr to Sep     CEO Peter Long says package holid ,travel report record result jump profit peter long say packag holid,,,N,
0.085105337,58046,TOM,#TUIresults in detail  focus on #cruises  Strong Q   growth path successfully continued   https   t co LGiBrmR ze,#tuiresult detail focu #cruis strong growth path success continu http lgibrmr,,,N,
0.26057186,42866,LH, Please advise your full name  email and postal address  ticket and flight details and all other necessary information you emailed to Customer Relations  For your own private data security  pls send it via DM  We ll check if they have received your email   Nes https   t co  mYzRJlA d,pleas advis your full name email postal address ticket flight detail other necessari inform email custom relat your privat data secur send check they have receiv your email http myzrjla,,,H,
0.299975898,76133,UX, Hi Nicol s  Indicate us please your booking reference by private  We ll try to help you ,nicol indic pleas your book refer privat help,,,H,
